	INSERT INTO student(ut_eid, last_name, first_name, gender, marital_status, first_semester_enrolled, last_semester_enrolled, country_code)
	VALUES('abc123', 'Abc', 'Cba', 'm', 's', '1', '5', '1');
	INSERT INTO student(ut_eid, last_name, first_name, gender, marital_status, first_semester_enrolled, last_semester_enrolled, country_code)
	VALUES('bcd234', 'Bcd', 'Dcb', 'm', 'm', '1', '5', '2');
	INSERT INTO student(ut_eid, last_name, first_name, gender, marital_status, first_semester_enrolled, last_semester_enrolled, country_code)
	VALUES('cde345', 'Cde', 'Edc', 'm', 's', '2', '6', '3');
	INSERT INTO student(ut_eid, last_name, first_name, gender, marital_status, first_semester_enrolled, last_semester_enrolled, country_code)
	VALUES('def456', 'Def', 'Fed', 'm', 's', '3', '7', '4');
	INSERT INTO student(ut_eid, last_name, first_name, gender, marital_status, first_semester_enrolled, last_semester_enrolled, country_code)
	VALUES('efg567', 'Efg', 'Gfe', 'm', 'm', '4', '8', '4');
	INSERT INTO student(ut_eid, last_name, first_name, gender, marital_status, first_semester_enrolled, last_semester_enrolled, country_code)
	VALUES('hij890', 'Efg', 'Gfe', 'm', 'm', '4', '8', '5');
	INSERT INTO student(ut_eid, last_name, first_name, gender, marital_status, first_semester_enrolled, last_semester_enrolled, country_code)
	VALUES('klm123', 'Efg', 'Gfe', 'm', 'm', '4', '8', '5');
	INSERT INTO student(ut_eid, last_name, first_name, gender, marital_status, first_semester_enrolled, last_semester_enrolled, country_code)
	VALUES('nop123', 'Efg', 'Gfe', 'm', 'm', '4', '8', '6');
	INSERT INTO student(ut_eid, last_name, first_name, gender, marital_status, first_semester_enrolled, last_semester_enrolled, country_code)
	VALUES('qrs123', 'Efg', 'Gfe', 'm', 'm', '4', '8', '6');
	INSERT INTO student(ut_eid, last_name, first_name, gender, marital_status, first_semester_enrolled, last_semester_enrolled, country_code)
	VALUES('tuv123', 'Efg', 'Gfe', 'm', 'm', '4', '8', '7');
	INSERT INTO student(ut_eid, last_name, first_name, gender, marital_status, first_semester_enrolled, last_semester_enrolled, country_code)
	VALUES('a123', 'Abc', 'Cba', 'f', 's', '1', '5', '8');
	INSERT INTO student(ut_eid, last_name, first_name, gender, marital_status, first_semester_enrolled, last_semester_enrolled, country_code)
	VALUES('b123', 'Bcd', 'Dcb', 'f', 'm', '1', '5', '9');
	INSERT INTO student(ut_eid, last_name, first_name, gender, marital_status, first_semester_enrolled, last_semester_enrolled, country_code)
	VALUES('c123', 'Cde', 'Edc', 'f', 's', '2', '6', '10');
	INSERT INTO student(ut_eid, last_name, first_name, gender, marital_status, first_semester_enrolled, last_semester_enrolled, country_code)
	VALUES('d123', 'Def', 'Fed', 'f', 's', '3', '7', '3');
	INSERT INTO student(ut_eid, last_name, first_name, gender, marital_status, first_semester_enrolled, last_semester_enrolled, country_code)
	VALUES('e123', 'Efg', 'Gfe', 'f', 'm', '4', '8', '4');
	INSERT INTO student(ut_eid, last_name, first_name, gender, marital_status, first_semester_enrolled, last_semester_enrolled, country_code)
	VALUES('f123', 'Efg', 'Gfe', 'f', 'm', '4', '8', '4');
	INSERT INTO student(ut_eid, last_name, first_name, gender, marital_status, first_semester_enrolled, last_semester_enrolled, country_code)
	VALUES('g123', 'Efg', 'Gfe', 'f', 'm', '4', '8', '5');
	INSERT INTO student(ut_eid, last_name, first_name, gender, marital_status, first_semester_enrolled, last_semester_enrolled, country_code)
	VALUES('h123', 'Efg', 'Gfe', 'f', 'm', '4', '8', '7');
	INSERT INTO student(ut_eid, last_name, first_name, gender, marital_status, first_semester_enrolled, last_semester_enrolled, country_code)
	VALUES('i123', 'Efg', 'Gfe', 'f', 'm', '4', '8', '9');
	INSERT INTO student(ut_eid, last_name, first_name, gender, marital_status, first_semester_enrolled, last_semester_enrolled, country_code)
	VALUES('k123', 'Efg', 'Gfe', 'f', 'm', '4', '8', '10');
	INSERT INTO student(ut_eid, last_name, first_name, gender, marital_status, first_semester_enrolled, last_semester_enrolled, country_code)
	VALUES('l123', 'Efg', 'Gfe', 'f', 'm', '4', '8', '10');
	INSERT INTO student(ut_eid, last_name, first_name, gender, marital_status, first_semester_enrolled, last_semester_enrolled, country_code)
	VALUES('m123', 'Efg', 'Gfe', 'f', 'm', '4', '8', '10');
	INSERT INTO student(ut_eid, last_name, first_name, gender, marital_status, first_semester_enrolled, last_semester_enrolled, country_code)
	VALUES('n123', 'Efg', 'Gfe', 'f', 'm', '4', '8', '10');
	INSERT INTO student(ut_eid, last_name, first_name, gender, marital_status, first_semester_enrolled, last_semester_enrolled, country_code)
	VALUES('o123', 'Efg', 'Gfe', 'f', 'm', '4', '8', '10');

	
	INSERT INTO country(country_code, country_name, region_of_citizenship, region_code)
	VALUES('1', 'China', 'Asia', '1');
	INSERT INTO country(country_code, country_name, region_of_citizenship, region_code)
	VALUES('2', 'Mexico', 'North America', '2');
	INSERT INTO country(country_code, country_name, region_of_citizenship, region_code)
	VALUES('3', 'South Korea', 'Asia', '1');
	INSERT INTO country(country_code, country_name, region_of_citizenship, region_code)
	VALUES('4', 'France', 'Europe', '3');
	INSERT INTO country(country_code, country_name, region_of_citizenship, region_code)
	VALUES('5', 'Jamaica', 'Latin America and Caribbean', '3');
	INSERT INTO country(country_code, country_name, region_of_citizenship, region_code)
	VALUES('6', 'Guam', 'Oceana', '1');
	INSERT INTO country(country_code, country_name, region_of_citizenship, region_code)
	VALUES('7', 'Israel', 'Middle East', '4');
	INSERT INTO country(country_code, country_name, region_of_citizenship, region_code)
	VALUES('8', 'Jordan', 'Middle East', '4');
	INSERT INTO country(country_code, country_name, region_of_citizenship, region_code)
	VALUES('9', 'Lebanon', 'Middle East', '4');
	INSERT INTO country(country_code, country_name, region_of_citizenship, region_code)
	VALUES('10', 'Nigeria', 'Africa', '10');

	
	INSERT INTO semester (semester, year, ut_eid, academic_level, classification, passport,  program_code, visa_status, major_code)
	VALUES('Fall',2012,'abc123','UG','Sophomore','1','3','1','1');
	INSERT INTO semester (semester, year, ut_eid, academic_level, classification, passport,  program_code, visa_status, major_code)
	VALUES('Fall',2012,'bcd234','UG','Freshman','1','4','1','2');
	INSERT INTO semester (semester, year, ut_eid, academic_level, classification, passport,  program_code, visa_status, major_code)
	VALUES('Fall',2012,'cde345','UG','Freshman','1','3','1','3');
	INSERT INTO semester (semester, year, ut_eid, academic_level, classification, passport,  program_code, visa_status, major_code)
	VALUES('Fall',2012,'def456','UG','Sophomore','1','4','1','4');
	INSERT INTO semester (semester, year, ut_eid, academic_level, classification, passport,  program_code, visa_status, major_code)
	VALUES('Fall',2012,'hij890','UG','Junior','1','4','1','5');
	INSERT INTO semester (semester, year, ut_eid, academic_level, classification, passport,  program_code, visa_status, major_code)
	VALUES('Fall',2012,'qrs123','UG','Senior','1','3','1','6');
	INSERT INTO semester (semester, year, ut_eid, academic_level, classification, passport,  program_code, visa_status, major_code)
	VALUES('Fall',2012,'tuv123','G','Masters','1','4','1','7');
	INSERT INTO semester (semester, year, ut_eid, academic_level, classification, passport,  program_code, visa_status, major_code)
	VALUES('Fall',2012,'a123','G','Doctoral','1','3','1','8');
	INSERT INTO semester (semester, year, ut_eid, academic_level, classification, passport,  program_code, visa_status, major_code)
	VALUES('Fall',2012,'b123','G','Doctoral','1','4','1','9');
	INSERT INTO semester (semester, year, ut_eid, academic_level, classification, passport,  program_code, visa_status, major_code)
	VALUES('Fall',2012,'c123','G','Law','1','3','1','10');
	INSERT INTO semester (semester, year, ut_eid, academic_level, classification, passport,  program_code, visa_status, major_code)
	VALUES('Fall',2012,'d123','G','PharmD','1','4','1','11');
	INSERT INTO semester (semester, year, ut_eid, academic_level, classification, passport,  program_code, visa_status, major_code)
	VALUES('Fall',2012,'e123','UG','Junior','1','3','1','12');
	INSERT INTO semester (semester, year, ut_eid, academic_level, classification, passport,  program_code, visa_status, major_code)
	VALUES('Fall',2012,'f123','UG','senior','1','3','1','13');
	INSERT INTO semester (semester, year, ut_eid, academic_level, classification, passport,  program_code, visa_status, major_code)
	VALUES('Fall',2012,'g123','G','Masters','1','4','1','14');
	INSERT INTO semester (semester, year, ut_eid, academic_level, classification, passport,  program_code, visa_status, major_code)
	VALUES('Fall',2012,'h123','G','Masters','1','4','1','15');
	INSERT INTO semester (semester, year, ut_eid, academic_level, classification, passport,  program_code, visa_status, major_code)
	VALUES('Fall',2012,'i123','G','Masters','1','4','1','16');
	INSERT INTO semester (semester, year, ut_eid, academic_level, classification, passport,  program_code, visa_status, major_code)
	VALUES('Fall',2012,'l123','S','Scholar','1','2','1','17');
	INSERT INTO semester (semester, year, ut_eid, academic_level, classification, passport,  program_code, visa_status, major_code)
	VALUES('Fall',2012,'k123','S','Scholar','1','2','1','18');
	
	
	INSERT INTO semester (semester, year, ut_eid, academic_level, classification, passport,  program_code, visa_status, major_code)
	VALUES('Fall',2011,'def456','UG','Sophomore','1','2','1','1');
	INSERT INTO semester (semester, year, ut_eid, academic_level, classification, passport,  program_code, visa_status, major_code)
	VALUES('Fall',2011,'hij890','UG','Junior','1','2','1','2');
	INSERT INTO semester (semester, year, ut_eid, academic_level, classification, passport,  program_code, visa_status, major_code)
	VALUES('Fall',2011,'qrs123','UG','Senior','1','3','1','1');
	INSERT INTO semester (semester, year, ut_eid, academic_level, classification, passport,  program_code, visa_status, major_code)
	VALUES('Fall',2011,'tuv123','G','Masters','1','3','1','1');
	INSERT INTO semester (semester, year, ut_eid, academic_level, classification, passport,  program_code, visa_status, major_code)
	VALUES('Fall',2011,'a123','G','Doctoral','1','4','1','1');
	INSERT INTO semester (semester, year, ut_eid, academic_level, classification, passport,  program_code, visa_status, major_code)
	VALUES('Fall',2011,'b123','G','Doctoral','1','4','1','4');
	INSERT INTO semester (semester, year, ut_eid, academic_level, classification, passport,  program_code, visa_status, major_code)
	VALUES('Fall',2011,'c123','G','Law','1','1','3','5');
	INSERT INTO semester (semester, year, ut_eid, academic_level, classification, passport,  program_code, visa_status, major_code)
	VALUES('Fall',2011,'d123','G','PharmD','1','3','1','6');
	INSERT INTO semester (semester, year, ut_eid, academic_level, classification, passport,  program_code, visa_status, major_code)
	VALUES('Fall',2011,'e123','UG','Junior','1','4','1','2');

	
	INSERT INTO semester (semester, year, ut_eid, academic_level, classification, passport,  program_code, visa_status, major_code)
	VALUES('Fall',2010,'def456','UG','Sophomore','1','2','1','1');
	INSERT INTO semester (semester, year, ut_eid, academic_level, classification, passport,  program_code, visa_status, major_code)
	VALUES('Fall',2010,'hij890','UG','Junior','1','2','1','2');
	INSERT INTO semester (semester, year, ut_eid, academic_level, classification, passport,  program_code, visa_status, major_code)
	VALUES('Fall',2010,'qrs123','UG','Senior','1','3','1','1');
	INSERT INTO semester (semester, year, ut_eid, academic_level, classification, passport,  program_code, visa_status, major_code)
	VALUES('Fall',2010,'tuv123','G','Masters','1','3','1','1');
	INSERT INTO semester (semester, year, ut_eid, academic_level, classification, passport,  program_code, visa_status, major_code)
	VALUES('Fall',2010,'a123','G','Doctoral','1','4','1','1');
	INSERT INTO semester (semester, year, ut_eid, academic_level, classification, passport,  program_code, visa_status, major_code)
	VALUES('Fall',2010,'b123','G','Doctoral','1','4','1','4');
	INSERT INTO semester (semester, year, ut_eid, academic_level, classification, passport,  program_code, visa_status, major_code)
	VALUES('Fall',2010,'c123','G','Law','1','1','3','5');
	INSERT INTO semester (semester, year, ut_eid, academic_level, classification, passport,  program_code, visa_status, major_code)
	VALUES('Fall',2010,'d123','G','PharmD','1','2','1','6');
	INSERT INTO semester (semester, year, ut_eid, academic_level, classification, passport,  program_code, visa_status, major_code)
	VALUES('Fall',2010,'e123','UG','Junior','1','3','1','2');
	INSERT INTO semester (semester, year, ut_eid, academic_level, classification, passport,  program_code, visa_status, major_code)
	VALUES('Fall',2010,'f123','UG','Junior','1','4','1','2');
	
	
	INSERT INTO semester (semester, year, ut_eid, academic_level, classification, passport,  program_code, visa_status, major_code)
	VALUES('Fall',2009,'def456','UG','Sophomore','1','3','1','1');
	INSERT INTO semester (semester, year, ut_eid, academic_level, classification, passport,  program_code, visa_status, major_code)
	VALUES('Fall',2009,'hij890','UG','Junior','1','3','1','2');
	INSERT INTO semester (semester, year, ut_eid, academic_level, classification, passport,  program_code, visa_status, major_code)
	VALUES('Fall',2009,'qrs123','UG','Senior','1','4','1','1');
	
	
	INSERT INTO semester (semester, year, ut_eid, academic_level, classification, passport,  program_code, visa_status, major_code)
	VALUES('Fall',2008,'def456','UG','Sophomore','1','2','1','1');
	INSERT INTO semester (semester, year, ut_eid, academic_level, classification, passport,  program_code, visa_status, major_code)
	VALUES('Fall',2008,'hij890','UG','Junior','1','2','1','2');
	INSERT INTO semester (semester, year, ut_eid, academic_level, classification, passport,  program_code, visa_status, major_code)
	VALUES('Fall',2008,'qrs123','UG','Senior','1','3','1','1');
	INSERT INTO semester (semester, year, ut_eid, academic_level, classification, passport,  program_code, visa_status, major_code)
	VALUES('Fall',2008,'e123','UG','Junior','1','4','1','2');
	

	
	
	INSERT INTO academic_info (major_code, major_description, school_code, school_name)
	VALUES('1','Computer Science','1','Cockrell School of Engineering');
	INSERT INTO academic_info (major_code, major_description, school_code, school_name)
	VALUES('2','Mathematics','1','College of Communication');
	INSERT INTO academic_info (major_code, major_description, school_code, school_name)
	VALUES('3','Economics','2','College of Education');
	INSERT INTO academic_info (major_code, major_description, school_code, school_name)
	VALUES('4','Accounting','3','College of Fine Arts');
	INSERT INTO academic_info (major_code, major_description, school_code, school_name)
	VALUES('5','Law','4','College of Liberal Arts');
	INSERT INTO academic_info (major_code, major_description, school_code, school_name)
	VALUES('6','Pharmacy','5','College of Natural Sciences');
	INSERT INTO academic_info (major_code, major_description, school_code, school_name)
	VALUES('7','Pharmacy','5','College of Pharmacy');
	INSERT INTO academic_info (major_code, major_description, school_code, school_name)
	VALUES('8','Pharmacy','5','Dell Medical School');
	INSERT INTO academic_info (major_code, major_description, school_code, school_name)
	VALUES('9','Pharmacy','5','Graduate School');
	INSERT INTO academic_info (major_code, major_description, school_code, school_name)
	VALUES('10','Pharmacy','5','Jackson School of Geosciences');
	INSERT INTO academic_info (major_code, major_description, school_code, school_name)
	VALUES('11','Pharmacy','5','Lyndon B. Johnson School of Public Affairs');
	INSERT INTO academic_info (major_code, major_description, school_code, school_name)
	VALUES('12','Pharmacy','5','McCombs School of Business');
	INSERT INTO academic_info (major_code, major_description, school_code, school_name)
	VALUES('13','Pharmacy','5','School of Architecture');
	INSERT INTO academic_info (major_code, major_description, school_code, school_name)
	VALUES('14','Pharmacy','5','School of Information');
	INSERT INTO academic_info (major_code, major_description, school_code, school_name)
	VALUES('15','Pharmacy','5','School of Law');
	INSERT INTO academic_info (major_code, major_description, school_code, school_name)
	VALUES('16','Pharmacy','5','School of Nursing');
	INSERT INTO academic_info (major_code, major_description, school_code, school_name)
	VALUES('17','Pharmacy','5','School of Social Work');
	INSERT INTO academic_info (major_code, major_description, school_code, school_name)
	VALUES('18','Pharmacy','5','School of Undergraduate Studies');
	

	
	INSERT INTO programs (program_code, program_description)
	VALUES('1','Regular');
	INSERT INTO programs (program_code, program_description)
	VALUES('2','Scholars');
	INSERT INTO programs (program_code, program_description)
	VALUES('3','Sponsored');
	INSERT INTO programs (program_code, program_description)
	VALUES('4','Exchange');
	INSERT INTO programs (program_code, program_description)
	VALUES('5','Both');


	INSERT INTO immigration_info (visa_status_code, visa_status_description)
	VALUES('0','default');
	INSERT INTO immigration_info (visa_status_code, visa_status_description)
	VALUES('1','okay');
	INSERT INTO immigration_info (visa_status_code, visa_status_description)
	VALUES('2','warning');